,title,date,url,data_page_datail,cidade,local,tipo_evento
0,Desenho Jovem,08/07/1980,https://enciclopedia.itaucultural.org.br/evento81619/desenho-jovem,08.07.1980,Brasil / São Paulo / São Paulo , Museu de Arte Contemporânea da Universidade de São Paulo (MAC/USP),Coletiva
1,12º Panorama de Arte Atual Brasileira,13/11/1980,https://enciclopedia.itaucultural.org.br/evento225959/12-panorama-de-arte-atual-brasileira,13.11.1980 - 01.1981,Brasil / São Paulo / São Paulo , Museu de Arte Moderna de São Paulo (MAM/SP),Exposição
2,Leonilson e Luiz Zerbini,1980,https://enciclopedia.itaucultural.org.br/evento249348/leonilson-e-luiz-zerbini,1980,Brasil / São Paulo / São Paulo ," Teatro Lira Paulistana (São Paulo, SP)",Coletiva
3,Individual de Leonilson,1981,https://enciclopedia.itaucultural.org.br/evento249293/individual-de-leonilson,1981,Espanha / Madri / Madri,,Individual
4,Giovane Arte Internazionale ,1981,https://enciclopedia.itaucultural.org.br/evento249349/giovane-arte-internazionale,1981,Itália / Lombardia / Lecco ," Galleria Giuli (Lecco, Itália)",Coletiva
5,Leonilson e Luiz Zerbini,1981,https://enciclopedia.itaucultural.org.br/evento249353/leonilson-e-luiz-zerbini,1981,Espanha / Madri / Madri ," Galeria de Arte da Casa do Brasil (Madri, Espanha)",Coletiva
6,Individual de Leonilson,1982,https://enciclopedia.itaucultural.org.br/evento249294/individual-de-leonilson,1982,Itália / Emília Romana / Bolonha ," Galleria Pellegrino (Bolonha, Itália)",Individual
7,À Flor da Pele: pintura e prazer,02/05/1983,https://enciclopedia.itaucultural.org.br/evento249290/a-flor-da-pele-pintura-e-prazer,02.05.1983 - 23.05.1983,Brasil / Rio de Janeiro / Rio de Janeiro , Galeria do Centro Empresarial Rio,Coletiva
8,Individual de Leonilson ,17/05/1983,https://enciclopedia.itaucultural.org.br/evento249295/individual-de-leonilson,17.05.1983 - 10.06.1983,Brasil / São Paulo / São Paulo , Galeria Luisa Strina,Individual
9,13 Artistas/13 Obras,09/08/1983,https://enciclopedia.itaucultural.org.br/evento249195/13-artistas-13-obras,09.08.1983 - 24.08.1983,Brasil / Rio de Janeiro / Rio de Janeiro , Thomas Cohn Arte Contemporânea,Exposição
10,Individual de Leonilson ,05/10/1983,https://enciclopedia.itaucultural.org.br/evento249278/individual-de-leonilson,05.10.1983,Brasil / Rio Grande do Sul / Porto Alegre , Galeria Tina Zappoli,Individual
11,6º Salão Nacional de Artes Plásticas,02/12/1983,https://enciclopedia.itaucultural.org.br/evento235535/6-salao-nacional-de-artes-plasticas,02.12.1983 - 06.01.1984,Brasil / Rio de Janeiro / Rio de Janeiro , Museu de Arte Moderna do Rio de Janeiro (MAM/RJ),6º Salão Nacional da Aiba
12,Individual de Leonilson,1983,https://enciclopedia.itaucultural.org.br/evento249296/individual-de-leonilson,1983,Brasil / Rio de Janeiro / Rio de Janeiro , Thomas Cohn Arte Contemporânea,Individual
13,Brasil Pintura,1983,https://enciclopedia.itaucultural.org.br/evento249354/brasil-pintura,1983,Brasil / Minas Gerais / Belo Horizonte , Fundação Clóvis Salgado. Palácio das Artes ,Exposição
14,Papel,1983,https://enciclopedia.itaucultural.org.br/evento249357/papel,1983,Brasil / Rio de Janeiro / Rio de Janeiro , Thomas Cohn Arte Contemporânea,Coletiva
15,Arte na Rua,1983,https://enciclopedia.itaucultural.org.br/evento86408/arte-na-rua,1983 - 1983,Brasil / São Paulo / São Paulo , Museu de Arte Contemporânea da Universidade de São Paulo (MAC/USP),"
            Classificação
            
Exposição

"
16,Stand 320: jovem pintura brasileira,31/05/1984,https://enciclopedia.itaucultural.org.br/evento249426/stand-320-jovem-pintura-brasileira,31.05.1984 - 20.06.1984,Brasil / Rio de Janeiro / Rio de Janeiro , Thomas Cohn Arte Contemporânea,Coletiva
17,Coleção Gilberto Chateaubriand: retrato e auto-retrato da arte brasileira,05/1984,https://enciclopedia.itaucultural.org.br/evento83512/colecao-gilberto-chateaubriand-retrato-e-auto-retrato-da-arte-brasileira,05.1984 - 06.1984,Brasil / São Paulo / São Paulo , Museu de Arte Moderna de São Paulo (MAM/SP),Coletiva
18,"Como Vai Você, Geração 80?",14/07/1984,https://enciclopedia.itaucultural.org.br/evento83465/como-vai-voce-geracao-80,14.07.1984 - 12.08.1984,Brasil / Rio de Janeiro / Rio de Janeiro , Escola de Artes Visuais do Parque Lage (EAV Parque Lage),Coletiva
19,"Leda Catunda, Sérgio Romagnolo, Ciro Cozzolino e Leonilson",14/08/1984,https://enciclopedia.itaucultural.org.br/evento249380/leda-catunda-sergio-romagnolo-ciro-cozzolino-e-leonilson,14.08.1984 - 07.09.1984,Brasil / São Paulo / São Paulo , Galeria Luisa Strina,Coletiva
20,Arte Brasileira Atual ,06/12/1984,https://enciclopedia.itaucultural.org.br/evento83462/arte-brasileira-atual,06.12.1984 - 13.01.1985,Brasil / Rio de Janeiro / Niterói , Galeria de Arte UFF,Coletiva
21,Individual de Leonilson,1984,https://enciclopedia.itaucultural.org.br/evento249298/individual-de-leonilson,1984,Brasil / Ceará / Fortaleza,,Individual
22,13ª Bienal de Paris,1984,https://enciclopedia.itaucultural.org.br/evento81825/13-bienal-de-paris,1984,França / Ile de France / Paris,,Coletiva
23,Individual de Leonilson,12/03/1985,https://enciclopedia.itaucultural.org.br/evento249300/individual-de-leonilson,12.03.1985 - 05.04.1985,Brasil / São Paulo / São Paulo , Galeria Luisa Strina,Individual
24,Velha Mania: desenho brasileiro ,08/08/1985,https://enciclopedia.itaucultural.org.br/evento84091/velha-mania-desenho-brasileiro,08.08.1985 - 31.08.1985,Brasil / Rio de Janeiro / Rio de Janeiro , Escola de Artes Visuais do Parque Lage (EAV Parque Lage),Coletiva
25,18ª Bienal Internacional de São Paulo,04/10/1985,https://enciclopedia.itaucultural.org.br/evento80219/18-bienal-internacional-de-sao-paulo,04.10.1985 - 15.12.1985,Brasil / São Paulo / São Paulo , Fundação Bienal de São Paulo,Exposição
26,Individual de Leonilson,05/11/1985,https://enciclopedia.itaucultural.org.br/evento249252/individual-de-leonilson,05.11.1985 - 23.11.1985,Brasil / Distrito Federal / Brasília , Espaço Capital Arte Contemporânea,Individual
27,Individual de Leonilson,1985,https://enciclopedia.itaucultural.org.br/evento249301/individual-de-leonilson,1985,Brasil / Rio de Janeiro / Rio de Janeiro , Thomas Cohn Arte Contemporânea,Individual
28,Brasilidade e Independência ,1985,https://enciclopedia.itaucultural.org.br/evento83996/brasilidade-e-independencia,1985,Brasil / Distrito Federal / Brasília , Teatro Nacional Cláudio Santoro,Coletiva
29,Nueva Pintura Brasileña,1985,https://enciclopedia.itaucultural.org.br/evento249373/nueva-pintura-brasilena,1985,Argentina / Buenos Aires / Buenos Aires ," Centro de Arte y Comunicación (Buenos Aires, Argentina)",Exposição
30,Transvanguarda e Culturas Nacionais,17/02/1986,https://enciclopedia.itaucultural.org.br/evento87152/transvanguarda-e-culturas-nacionais,17.02.1986,Brasil / Rio de Janeiro / Rio de Janeiro , Museu de Arte Moderna do Rio de Janeiro (MAM/RJ),Coletiva
31,Imagine: o planeta saúda o cometa ,17/04/1986,https://enciclopedia.itaucultural.org.br/evento87001/imagine-o-planeta-sauda-o-cometa,17.04.1986 - 17.05.1986,Brasil / Ceará / Fortaleza ," Arte Galeria (Fortaleza, CE)",Coletiva
32,Coleção Rubem Knijnik: arte brasileira anos 60/70/80 ,12/06/1986,https://enciclopedia.itaucultural.org.br/evento221362/colecao-rubem-knijnik-arte-brasileira-anos-60-70-80,12.06.1986 - 12.08.1986,Brasil / Rio Grande do Sul / Porto Alegre , Museu de Arte do Rio Grande do Sul Ado Malagoli,Coletiva
33,1ª Exposição Internacional de Esculturas Efêmeras,09/1986,https://enciclopedia.itaucultural.org.br/evento238990/1-exposicao-internacional-de-esculturas-efemeras,09.1986 - 11.1986,Brasil / Ceará / Fortaleza,,Coletiva
34,A Nova Dimensão do Objeto ,09/1986,https://enciclopedia.itaucultural.org.br/evento87111/a-nova-dimensao-do-objeto,09.1986 - 10.1986,Brasil / São Paulo / São Paulo , Museu de Arte Contemporânea da Universidade de São Paulo (MAC/USP),Coletiva
35,Caminhos do Desenho Brasileiro,12/11/1986,https://enciclopedia.itaucultural.org.br/evento87042/caminhos-do-desenho-brasileiro,12.11.1986 - 06.12.1986,Brasil / Rio Grande do Sul / Porto Alegre , Museu de Arte do Rio Grande do Sul Ado Malagoli,Coletiva
36,Leonilson e Albert Hien ,1986,https://enciclopedia.itaucultural.org.br/evento249376/leonilson-e-albert-hien,1986,Alemanha / Bayern / Munique ," Galeria Walter Storms (Munique, Alemanha)",Coletiva
37,O Pescador de Palavras,17/03/1987,https://enciclopedia.itaucultural.org.br/evento249248/o-pescador-de-palavras,17.03.1987 - 14.04.1987,Brasil / São Paulo / São Paulo , Galeria Luisa Strina,Individual
38,Ao Colecionador: homenagem a Gilberto Chateaubriand,05/10/1987,https://enciclopedia.itaucultural.org.br/evento237119/ao-colecionador-homenagem-a-gilberto-chateaubriand,05.10.1987 - 27.10.1987,Brasil / Rio de Janeiro / Rio de Janeiro , Museu de Arte Moderna do Rio de Janeiro (MAM/RJ),"
            Classificação
            
Exposição

"
39,Modernidade: arte brasileira do século XX,10/12/1987,https://enciclopedia.itaucultural.org.br/evento87320/modernidade-arte-brasileira-do-seculo-xx,10.12.1987 - 14.02.1988,França / Ile de France / Paris , Musée d'Art Moderne de la Ville de Paris,"Modernité,  Art Brésilienne du XX Siècle (1987 : Paris, França)"
40,Ouverture Brésilienne,16/12/1987,https://enciclopedia.itaucultural.org.br/evento249261/ouverture-bresilienne,16.12.1987 - 31.01.1988,França / Ile de France / Ivry-sur-Seine ," Centre d'Art Contemporain. Galerie Fernand Léger (Ivry-sur-Seine, França)",Coletiva
41,Individual de Leonilson,1987,https://enciclopedia.itaucultural.org.br/evento249303/individual-de-leonilson,1987,Brasil / Espírito Santo / Vitória , Usina Arte Contemporânea ,Individual
42,Moving Mountais,1987,https://enciclopedia.itaucultural.org.br/evento249302/moving-mountais,1987,Alemanha / Bayern / Munique,,Individual
43,Coleção Particular de Eduardo Brandão,05/04/1988,https://enciclopedia.itaucultural.org.br/evento87606/colecao-particular-de-eduardo-brandao,05.04.1988 - 20.04.1988,Brasil / São Paulo / São Paulo , Casa Triângulo,Coletiva
44,Modernidade: arte brasileira do século XX,06/04/1988,https://enciclopedia.itaucultural.org.br/evento220728/modernidade-arte-brasileira-do-seculo-xx,06.04.1988 - 08.05.1988,Brasil / São Paulo / São Paulo , Museu de Arte Moderna de São Paulo (MAM/SP),"Modernité, Art Brésilienne du XX Siècle (1988 : São Paulo, SP)"
45,Arte hoje/88: artistas convidados,02/09/1988,https://enciclopedia.itaucultural.org.br/evento225544/arte-hoje-88-artistas-convidados,02.09.1988 - 02.10.1988,Brasil / São Paulo / Ribeirão Preto , Casa da Cultura de Ribeirão Preto,Coletiva
46,Brasil Já ,03/09/1988,https://enciclopedia.itaucultural.org.br/evento87668/brasil-ja,03.09.1988 - 30.10.1988,Alemanha / Nordrhein-Westfalen / Leverkusen ," Morsbroich Museum (Leverkusen, Alemanha)",Coletiva
47,Brasil Já,28/11/1988,https://enciclopedia.itaucultural.org.br/evento225879/brasil-ja,28.11.1988 - 06.01.1989,Alemanha / Baden-Württemberg / Stuttgart ," Galerie Landesgirokasse (Stuttgart, Alemanha)",Coletiva
48,Leonilson e Albert Hien,1988,https://enciclopedia.itaucultural.org.br/evento249378/leonilson-e-albert-hien,1988,Holanda / a definir / Amsterdã ," Pulitzer Art Gallery (Amsterdã, Holanda)",Coletiva
49,O Inconformado,1988,https://enciclopedia.itaucultural.org.br/evento249245/o-inconformado,1988,Brasil / Rio de Janeiro / Rio de Janeiro , Thomas Cohn Arte Contemporânea,Individual
50,34 Artistas Contemporâneos Brasileiros,1988,https://enciclopedia.itaucultural.org.br/evento249382/34-artistas-contemporaneos-brasileiros,1988,Brasil / São Paulo / São Paulo , Subdistrito Comercial de Arte,Coletiva
51,Seven Artists on Invitation,1988,https://enciclopedia.itaucultural.org.br/evento249381/seven-artists-on-invitation,1988,Holanda / a definir / Amsterdã ," Pulitzer Art Gallery (Amsterdã, Holanda)",Coletiva
52,Brasil Já ,05/03/1989,https://enciclopedia.itaucultural.org.br/evento225882/brasil-ja,05.03.1989 - 21.05.1989,Alemanha / Niedersachsen / Hannover,,Coletiva
53,Individual de Leonilson,02/05/1989,https://enciclopedia.itaucultural.org.br/evento249276/individual-de-leonilson,02.05.1989 - 15.06.1989,Brasil / São Paulo / São Paulo , Galeria Luisa Strina,Individual
54,"Fábio Cardoso, Leonilson, Daniel Senise e Luiz Zerbini ",11/10/1989,https://enciclopedia.itaucultural.org.br/evento249412/fabio-cardoso-leonilson-daniel-senise-e-luiz-zerbini,11.10.1989 - 29.10.1989,Brasil / São Paulo / São Paulo , Museu de Arte de São Paulo Assis Chateaubriand (Masp),Coletiva
55,20º Panorama de Arte Atual Brasileira,14/10/1989,https://enciclopedia.itaucultural.org.br/evento220781/20-panorama-de-arte-atual-brasileira,14.10.1989 - 25.11.1989,Brasil / São Paulo / São Paulo , Museu de Arte Moderna de São Paulo (MAM/SP),Exposição
56,Perspectivas Recentes,1989,https://enciclopedia.itaucultural.org.br/evento237406/perspectivas-recentes,1989,Brasil / São Paulo / São Paulo , Centro Cultural São Paulo (CCSP),Exposição
57,Os Bombeiros Não São Corruptos,1989,https://enciclopedia.itaucultural.org.br/evento249305/os-bombeiros-nao-sao-corruptos,1989,Brasil / Distrito Federal / Brasília , Espaço Capital Arte Contemporânea,Individual
58,Nada Hás a Temer,1989,https://enciclopedia.itaucultural.org.br/evento249304/nada-has-a-temer,1989,Brasil / Minas Gerais / Belo Horizonte , Gesto Gráfico Galeria de Arte ,Individual
59,Prêmio Brasília de Artes Plásticas,25/10/1990,https://enciclopedia.itaucultural.org.br/evento221781/premio-brasilia-de-artes-plasticas,25.10.1990 - 25.11.1990,Brasil / Distrito Federal / Brasília , Museu de Arte de Brasília,"
            Classificação
            
Exposição

"
60,4 Artistas ,1990,https://enciclopedia.itaucultural.org.br/evento249383/4-artistas,1990,Brasil / São Paulo / São Paulo,,Coletiva
61,O Tímido,1990,https://enciclopedia.itaucultural.org.br/evento249416/o-timido,1990,Brasil / Rio de Janeiro / Rio de Janeiro , Escola de Artes Visuais do Parque Lage (EAV Parque Lage),Individual
62,Programa Anual de Exposições de Artes Plásticas,1990,https://enciclopedia.itaucultural.org.br/evento351775/programa-anual-de-exposicoes-de-artes-plasticas,1990 - 1990,Brasil / São Paulo / São Paulo , Centro Cultural São Paulo (CCSP),"Programa de Exposições do Centro Cultural São Paulo (1990 : São Paulo, SP)"
63,Individual de Leonilson,1990,https://enciclopedia.itaucultural.org.br/evento249308/individual-de-leonilson,1990,Holanda / a definir / Amsterdã ," Pulitzer Art Gallery (Amsterdã, Holanda)",Individual
64,Brasil: la nueva generación ,11/04/1991,https://enciclopedia.itaucultural.org.br/evento219998/brasil-la-nueva-generacion,11.04.1991 - 19.05.1991,Venezuela / Distrito Federal / Caracas , Fundación Museo de Bellas Artes,Coletiva
65,Viva Brasil Viva ,04/1991,https://enciclopedia.itaucultural.org.br/evento226645/viva-brasil-viva,04.1991 - 06.1991,Suécia / a definir / Estocolmo , Konstavdelningen och Liljevalchs Konsthall,Viva Brazil Viva 
66,"BR/80: pintura Brasil década 80 (1991 : São Paulo, SP)",28/05/1991,https://enciclopedia.itaucultural.org.br/evento88004/br-80-pintura-brasil-decada-80-1991-sao-paulo-sp,28.05.1991 - 21.06.1991,Brasil / São Paulo / São Paulo ," Itaugaleria (Avenida Brasil, São Paulo, SP)",Exposição
67,Individual de Leonilson,15/10/1991,https://enciclopedia.itaucultural.org.br/evento249254/individual-de-leonilson,15.10.1991 - 05.11.1991,Brasil / São Paulo / São Paulo , Galeria de Arte São Paulo,Individual
68,Artistas Contemporâneos no Engenho Central ,1991,https://enciclopedia.itaucultural.org.br/evento249384/artistas-contemporaneos-no-engenho-central,1991,Brasil / São Paulo / Piracicaba , Engenho Central,Coletiva
69,Individual de Leonilson,1991,https://enciclopedia.itaucultural.org.br/evento249309/individual-de-leonilson,1991,Brasil / Rio de Janeiro / Rio de Janeiro , Thomas Cohn Arte Contemporânea,Individual
70,Instalação Porto 91,1991,https://enciclopedia.itaucultural.org.br/evento264674/instalacao-porto-91,1991,Brasil / Espírito Santo / Vitória ," Porto de Vitória (Vitória, ES)","
            Classificação
            
Exposição

"
71,"Um Olhar Sobre o Figurativo (1992 : São Paulo, SP)",04/02/1992,https://enciclopedia.itaucultural.org.br/evento278789/um-olhar-sobre-o-figurativo-1992-sao-paulo-sp,04.02.1992 - 05.03.1992,Brasil / São Paulo / São Paulo , Casa Triângulo,Coletiva
72,Branco Dominante,07/04/1992,https://enciclopedia.itaucultural.org.br/evento221504/branco-dominante,07.04.1992 - 24.04.1992,Brasil / São Paulo / São Paulo , Galeria de Arte São Paulo,Coletiva
73,Coca-Cola 50 Anos com Arte ,30/04/1992,https://enciclopedia.itaucultural.org.br/evento221401/coca-cola-50-anos-com-arte,30.04.1992 - 17.05.1992,Brasil / Rio de Janeiro / Rio de Janeiro , Museu de Arte Moderna do Rio de Janeiro (MAM/RJ),Coletiva
74,Coca-Cola 50 Anos com Arte ,03/06/1992,https://enciclopedia.itaucultural.org.br/evento221402/coca-cola-50-anos-com-arte,03.06.1992 - 24.06.1992,Brasil / São Paulo / São Paulo , Museu de Arte Moderna de São Paulo (MAM/SP),Coletiva
75,10ª Mostra da Gravura Cidade de Curitiba,16/10/1992,https://enciclopedia.itaucultural.org.br/evento225682/10-mostra-da-gravura-cidade-de-curitiba,16.10.1992 - 06.12.1992,Brasil / Paraná / Curitiba , Museu da Gravura Cidade de Curitiba,10ª Mostra da Gravura de Curitiba
76,Abertura Temporada 1992,1992,https://enciclopedia.itaucultural.org.br/evento529276/abertura-temporada-1992,1992 - 1992,Brasil / São Paulo / São Paulo , Subdistrito Comercial de Arte,Coletiva
77,"Hien, Leonilson, Ebinger",1992,https://enciclopedia.itaucultural.org.br/evento249419/hien-leonilson-ebinger,1992,Holanda / a definir / Amsterdã ," Pulitzer Art Gallery (Amsterdã, Holanda)",Coletiva
78,Abertura Temporada 1992,1992,https://enciclopedia.itaucultural.org.br/evento249418/abertura-temporada-1992,1992,Brasil / São Paulo / São Paulo , Gabinete de Arte Raquel Arnaud,Coletiva
79,10ª Exposição Brasil-Japão de Arte Contemporânea,1992,https://enciclopedia.itaucultural.org.br/evento86261/10-exposicao-brasil-japao-de-arte-contemporanea,1992,Brasil / São Paulo / São Paulo ," Fundação Brasil-Japão (São Paulo, SP)",Coletiva
80,Programa Anual de Exposições de Artes Plásticas,1992,https://enciclopedia.itaucultural.org.br/evento263258/programa-anual-de-exposicoes-de-artes-plasticas,1992 - 1992,Brasil / São Paulo / São Paulo , Centro Cultural São Paulo (CCSP),Programa de Exposições do Centro Cultural São Paulo 
81,Individual de Leonilson,18/03/1993,https://enciclopedia.itaucultural.org.br/evento249253/individual-de-leonilson,18.03.1993 - 22.04.1993,Brasil / São Paulo / São Paulo , Galeria de Arte São Paulo,Individual
82,Individual de Leonilson,23/03/1993,https://enciclopedia.itaucultural.org.br/evento249291/individual-de-leonilson,23.03.1993,Brasil / Rio de Janeiro / Rio de Janeiro , Thomas Cohn Arte Contemporânea,Individual
83,Arte Erótica ,15/07/1993,https://enciclopedia.itaucultural.org.br/evento238988/arte-erotica,15.07.1993,Brasil / Rio de Janeiro / Rio de Janeiro , Museu de Arte Moderna do Rio de Janeiro (MAM/RJ),Exposição
84,AIDS: consciência e arte ,09/08/1993,https://enciclopedia.itaucultural.org.br/evento249389/aids-consciencia-e-arte,09.08.1993 - 25.09.1993,Brasil / Paraná / Curitiba , Museu de Arte Contemporânea do Paraná (MAC/PR),Coletiva
85,Representação: presenças decisivas,09/11/1993,https://enciclopedia.itaucultural.org.br/evento220001/representacao-presencas-decisivas,09.11.1993 - 09.01.1994,Brasil / São Paulo / São Paulo , Paço das Artes,Coletiva
86,2ª A Caminho de Niterói: Coleção João Sattamini ,16/12/1993,https://enciclopedia.itaucultural.org.br/evento239003/2-a-caminho-de-niteroi-colecao-joao-sattamini,16.12.1993 - 06.02.1994,Brasil / Rio de Janeiro / Niterói , Museu de Arte Contemporânea de Niterói,Coletiva
87,Brasil: imagens dos anos 80 e 90 ,12/1993,https://enciclopedia.itaucultural.org.br/evento219985/brasil-imagens-dos-anos-80-e-90,12.1993 - 1994,Estados Unidos / Distrito de Columbia / Washington ," Art Museum of the Americas (Washington, DC, Estados Unidos)",Exposição
88,Cartographies ,1993,https://enciclopedia.itaucultural.org.br/evento221789/cartographies,1993,Canadá / Manitoba / Winnipeg ," Winnipeg Art Gallery (Winnipeg, Canadá)",Exposição
89,Cartographies ,1993,https://enciclopedia.itaucultural.org.br/evento355677/cartographies,1993,Canadá / Ontário / Ottawa,,Exposição
90,Cartographies ,1993,https://enciclopedia.itaucultural.org.br/evento355677/cartographies,1993,Canadá / Ontário / Ottawa,,Exposição
91,Cartographies ,1993,https://enciclopedia.itaucultural.org.br/evento556074/cartographies,1993,Colômbia / Distrito Capital de Santa Fe de Bogotá / Bogotá , Banco de La República. Biblioteca Luis Ángel Arango,Coletiva
92,Cartographies ,1993,https://enciclopedia.itaucultural.org.br/evento221789/cartographies,1993,Canadá / Manitoba / Winnipeg ," Winnipeg Art Gallery (Winnipeg, Canadá)",Exposição
93,Encontros e Tendências,1993,https://enciclopedia.itaucultural.org.br/evento88078/encontros-e-tendencias,1993,Brasil / São Paulo / São Paulo , Museu de Arte Contemporânea da Universidade de São Paulo (MAC/USP),Coletiva
94,Projeto Leonilson,18/01/1994,https://enciclopedia.itaucultural.org.br/evento249395/projeto-leonilson,18.01.1994 - 22.01.1994,Brasil / São Paulo / São Paulo , Galeria Luisa Strina,Coletiva
95,Bienal Brasil Século XX,24/04/1994,https://enciclopedia.itaucultural.org.br/evento88102/bienal-brasil-seculo-xx,24.04.1994 - 29.05.1994,Brasil / São Paulo / São Paulo , Fundação Bienal de São Paulo,Coletiva
96,Bastidores da Criação ,24/05/1994,https://enciclopedia.itaucultural.org.br/evento249390/bastidores-da-criacao,24.05.1994 - 25.06.1994,Brasil / São Paulo / São Paulo ," Associação Pró-Dança (São Paulo, SP)",Exposição
97,Brasil: imagens dos anos 80 e 90 ,05/1994,https://enciclopedia.itaucultural.org.br/evento219965/brasil-imagens-dos-anos-80-e-90,05.1994,Brasil / Rio de Janeiro / Rio de Janeiro , Museu de Arte Moderna do Rio de Janeiro (MAM/RJ),Exposição
98,Brasil: imagens dos anos 80 e 90,19/07/1994,https://enciclopedia.itaucultural.org.br/evento249596/brasil-imagens-dos-anos-80-e-90,19.07.1994 - 28.08.1994,Brasil / São Paulo / São Paulo , Casa das Rosas,Exposição
99,Cartographies,10/1994,https://enciclopedia.itaucultural.org.br/evento355681/cartographies,10.1994,Estados Unidos / Nova York / Nova York , The Bronx Museum of the Arts,Exposição
100,Paisagens,13/12/1994,https://enciclopedia.itaucultural.org.br/evento88101/paisagens,13.12.1994 - 08.01.1995,Brasil / São Paulo / São Paulo , Galeria de Arte São Paulo,Coletiva
101,Outros Territórios: travessia pela sexualidade,1994,https://enciclopedia.itaucultural.org.br/evento249396/outros-territorios-travessia-pela-sexualidade,1994,Brasil / São Paulo / São Paulo , Museu da Imagem e do Som (MIS),Coletiva
102,Leonilson: são tantas as verdades,21/01/1995,https://enciclopedia.itaucultural.org.br/evento249292/leonilson-sao-tantas-as-verdades,21.01.1995 - 03.03.1996,Brasil / São Paulo / São Paulo , Galeria de Arte do Sesi,Individual
103,A Infância Perversa: fábulas sobre a memória e o tempo,05/1995,https://enciclopedia.itaucultural.org.br/evento220136/a-infancia-perversa-fabulas-sobre-a-memoria-e-o-tempo,05.1995 - 06.1995,Brasil / Rio de Janeiro / Rio de Janeiro , Museu de Arte Moderna do Rio de Janeiro (MAM/RJ),Coletiva
104,A Infância Perversa: fábulas sobre a memória e o tempo ,06/1995,https://enciclopedia.itaucultural.org.br/evento220140/a-infancia-perversa-fabulas-sobre-a-memoria-e-o-tempo,06.1995 - 06.1995,Brasil / Bahia / Salvador , Museu de Arte Moderna da Bahia,Coletiva
105,Artistas Colecionistas,29/11/1995,https://enciclopedia.itaucultural.org.br/evento249263/artistas-colecionistas,29.11.1995 - 23.12.1995,Brasil / São Paulo / São Paulo , Valu Oria Galeria de Arte,Exposição
106,Cartographies,1995,https://enciclopedia.itaucultural.org.br/evento355682/cartographies,1995,Espanha / Madri / Madri ," Fundación ""la Caixa""",Exposição
107,Selections Brazil,1995,https://enciclopedia.itaucultural.org.br/evento249399/selections-brazil,1995,Estados Unidos / Nova York / Nova York , The Drawing Center,Coletiva
108,"Zé (1995 : Rio de Janeiro, RJ)",1995,https://enciclopedia.itaucultural.org.br/evento249400/ze-1995-rio-de-janeiro-rj,1995,Brasil / Rio de Janeiro / Rio de Janeiro , Paço Imperial ,Individual
109,Selections Brazil,1995,https://enciclopedia.itaucultural.org.br/evento249399/selections-brazil,1995,Estados Unidos / Nova York / Nova York , The Drawing Center,Coletiva
110,Anos 80: o palco da diversidade ,1995,https://enciclopedia.itaucultural.org.br/evento219964/anos-80-o-palco-da-diversidade,1995,Brasil / São Paulo / São Paulo , Galeria de Arte do Sesi,Coletiva
111,Projects 53: Oliver Herring and José Leonilson,18/01/1996,https://enciclopedia.itaucultural.org.br/evento249398/projects-53-oliver-herring-and-jose-leonilson,18.01.1996 - 12.03.1996,Estados Unidos / Nova York / Nova York , The Museum of Modern Art (MoMA),Exposição
112,Brasilianische Kunst der Gegenwart,26/09/1996,https://enciclopedia.itaucultural.org.br/evento237340/brasilianische-kunst-der-gegenwart,26.09.1996 - 27.10.1996,"Bayer AG - Foyer Hochhaus W1 (Leverkusen, Alemanha)",,"
            Classificação
            
Exposição

"
113,15 Artistas Brasileiros,01/10/1996,https://enciclopedia.itaucultural.org.br/evento237439/15-artistas-brasileiros,01.10.1996 - 08.12.1996,Brasil / São Paulo / São Paulo , Museu de Arte Moderna de São Paulo (MAM/SP),Coletiva
114,Brasilianische Kunst der Gegenwart,30/10/1996,https://enciclopedia.itaucultural.org.br/evento237350/brasilianische-kunst-der-gegenwart,30.10.1996 - 15.11.1996,"Bayer AG - Feierabendhaus (Dormagen, Alemanha)",,"
            Classificação
            
Exposição

"
115,Arte Brasileira Contemporânea,10/12/1996,https://enciclopedia.itaucultural.org.br/evento82197/arte-brasileira-contemporanea,10.12.1996 - 20.12.1996,Brasil / São Paulo / São Paulo , Museu de Arte Moderna de São Paulo (MAM/SP),"
            Classificação
            
Exposição

"
116,Leonilson: são tantas as verdades,1996,https://enciclopedia.itaucultural.org.br/evento249391/leonilson-sao-tantas-as-verdades,1996,Brasil / Rio de Janeiro / Rio de Janeiro , Centro Cultural Banco do Brasil (CCBB Rio),Individual
117,Arte Brasileira Contemporânea: doações recentes/96,1996,https://enciclopedia.itaucultural.org.br/evento225740/arte-brasileira-contemporanea-doacoes-recentes-96,1996,Brasil / São Paulo / São Paulo , Museu de Arte Moderna de São Paulo (MAM/SP),Exposição
118,15 Artistas Brasileiros ,26/02/1997,https://enciclopedia.itaucultural.org.br/evento237669/15-artistas-brasileiros,26.02.1997 - 30.03.1997,Brasil / Rio de Janeiro / Rio de Janeiro , Museu de Arte Moderna do Rio de Janeiro (MAM/RJ),Coletiva
119,Leonilson: são tantas as verdades,20/03/1997,https://enciclopedia.itaucultural.org.br/evento249247/leonilson-sao-tantas-as-verdades,20.03.1997 - 27.04.1997,Brasil / Minas Gerais / Belo Horizonte , Museu de Arte da Pampulha (MAP),Individual
120,1ª Heranças Contemporâneas,08/04/1997,https://enciclopedia.itaucultural.org.br/evento249420/1-herancas-contemporaneas,08.04.1997 - 25.05.1997,Brasil / São Paulo / São Paulo , Museu de Arte Contemporânea da Universidade de São Paulo (MAC/USP),Coletiva
121,25º Salão de Arte Contemporânea de Santo André,08/04/1997,https://enciclopedia.itaucultural.org.br/evento249402/25-salao-de-arte-contemporanea-de-santo-andre,08.04.1997 - 31.05.1997,Brasil / São Paulo / Santo André , Paço Municipal,Coletiva
122,Así está la Cosa: instalación y arte objeto en America Latina ,07/1997,https://enciclopedia.itaucultural.org.br/evento227081/asi-esta-la-cosa-instalacion-y-arte-objeto-en-america-latina,07.1997,México / Distrito Federal / Cidade do México , Centro Cultural Arte Contemporáneo,"
            Classificação
            
Exposição

"
123,"Ar: exposição de artes plásticas, brinquedos, objetos e maquetes ",23/09/1997,https://enciclopedia.itaucultural.org.br/evento221085/ar-exposicao-de-artes-plasticas-brinquedos-objetos-e-maquetes,23.09.1997 - 26.10.1997,Brasil / Rio de Janeiro / Rio de Janeiro , Paço Imperial ,Coletiva
124,Leonilson: o solitário inconformado,14/11/1997,https://enciclopedia.itaucultural.org.br/evento249255/leonilson-o-solitario-inconformado,14.11.1997 - 14.12.1997,Brasil / São Paulo / Americana , Museu de Arte Contemporânea de Americana (MAC),Individual
125,A Arte Contemporânea da Gravura ,18/11/1997,https://enciclopedia.itaucultural.org.br/evento221715/a-arte-contemporanea-da-gravura,18.11.1997 - 22.03.1998,Brasil / Paraná / Curitiba , Museu Municipal de Arte de Curitiba,Exposição
126,Individual de Leonilson,1997,https://enciclopedia.itaucultural.org.br/evento249421/individual-de-leonilson,1997,Brasil / Rio de Janeiro / Rio de Janeiro , Centro Cultural Light,Individual
127,Leonilson: são tantas as verdades,1997,https://enciclopedia.itaucultural.org.br/evento249428/leonilson-sao-tantas-as-verdades,1997,Brasil / São Paulo / São Paulo , Museu de Arte de São Paulo Assis Chateaubriand (Masp),Individual
128,Individual de Leonilson,1997,https://enciclopedia.itaucultural.org.br/evento249429/individual-de-leonilson,1997,Brasil / São Paulo / São Paulo , Museu de Arte Contemporânea da Universidade de São Paulo (MAC/USP),Individual
129,15 Artistas Brasileiros,1997,https://enciclopedia.itaucultural.org.br/evento643384/15-artistas-brasileiros,1997,Brasil / Rio de Janeiro / Rio de Janeiro , Museu de Arte Moderna do Rio de Janeiro (MAM/RJ),Coletiva
130,15 Artistas Brasileiros,1997,https://enciclopedia.itaucultural.org.br/evento643385/15-artistas-brasileiros,1997,Brasil / Bahia / Salvador , Museu de Arte da Bahia,Coletiva
131,Medidas de Si,05/03/1998,https://enciclopedia.itaucultural.org.br/evento22896/medidas-de-si,05.03.1998 - 15.03.1998,Brasil / São Paulo / São Paulo , Museu de Arte Moderna de São Paulo (MAM/SP),Coletiva
132,Afinidades Eletivas I: o olhar do colecionador ,27/03/1998,https://enciclopedia.itaucultural.org.br/evento249571/afinidades-eletivas-i-o-olhar-do-colecionador,27.03.1998 - 10.05.1998,Brasil / São Paulo / São Paulo , Casa das Rosas,Coletiva
133,O Suporte da Palavra,14/04/1998,https://enciclopedia.itaucultural.org.br/evento221974/o-suporte-da-palavra,14.04.1998 - 26.04.1998,Brasil / São Paulo / São Paulo , Museu de Arte Moderna de São Paulo (MAM/SP),Exposição
134,"Medidas de Si (1998 : Campinas, SP)",16/04/1998,https://enciclopedia.itaucultural.org.br/evento221976/medidas-de-si-1998-campinas-sp,16.04.1998 - 15.05.1998,Brasil / São Paulo / Campinas , Itaú Cultural,Coletiva
135,Individual de Leonilson,14/05/1998,https://enciclopedia.itaucultural.org.br/evento249256/individual-de-leonilson,14.05.1998 - 10.06.1998,Brasil / São Paulo / São Paulo , Galeria Thomas Cohn,Individual
136,O Suporte da Palavra,25/06/1998,https://enciclopedia.itaucultural.org.br/evento221975/o-suporte-da-palavra,25.06.1998 - 21.07.1998,Brasil / Minas Gerais / Belo Horizonte , Itaugaleria Belo Horizonte,Exposição
137,Arte Brasileira no Acervo do Museu de Arte Moderna de São Paulo: doações recentes 1996 - 1998 ,06/08/1998,https://enciclopedia.itaucultural.org.br/evento221090/arte-brasileira-no-acervo-do-museu-de-arte-moderna-de-sao-paulo-doacoes-recentes-1996-1998,06.08.1998 - 27.09.1998,Brasil / Rio de Janeiro / Rio de Janeiro , Centro Cultural Banco do Brasil (CCBB Rio),Coletiva
138,Os Anos 80,03/09/1998,https://enciclopedia.itaucultural.org.br/evento221792/os-anos-80,03.09.1998 - 26.09.1998,Brasil / Goiás / Goiânia , Galeria Potrich Arte Contemporânea ,Coletiva
139,Cohntemporânea,17/09/1998,https://enciclopedia.itaucultural.org.br/evento336270/cohntemporanea,17.09.1998 - 10.10.1998,Brasil / São Paulo / São Paulo , Galeria Thomas Cohn,Coletiva
140,24ª Bienal Internacional de São Paulo,03/10/1998,https://enciclopedia.itaucultural.org.br/evento80235/24-bienal-internacional-de-sao-paulo,03.10.1998 - 13.12.1998,Brasil / São Paulo / São Paulo , Fundação Bienal de São Paulo,Exposição
141,O Moderno e o Contemporâneo na Arte Brasileira: Coleção Gilberto Chateaubriand - MAM/RJ,06/10/1998,https://enciclopedia.itaucultural.org.br/evento235012/o-moderno-e-o-contemporaneo-na-arte-brasileira-colecao-gilberto-chateaubriand-mam-rj,06.10.1998 - 13.12.1998,Brasil / São Paulo / São Paulo , Museu de Arte de São Paulo Assis Chateaubriand (Masp),Coletiva
142,Espelho da Bienal ,14/10/1998,https://enciclopedia.itaucultural.org.br/evento221198/espelho-da-bienal,14.10.1998 - 14.03.1999,Brasil / Rio de Janeiro / Niterói , Museu de Arte Contemporânea de Niterói,Coletiva
143,Múltiplos,03/12/1998,https://enciclopedia.itaucultural.org.br/evento262951/multiplos,03.12.1998 - 09.01.1999,Brasil / São Paulo / São Paulo , Valu Oria Galeria de Arte,Coletiva
144,Medidas de Si,1998,https://enciclopedia.itaucultural.org.br/evento613352/medidas-de-si,1998,França / Ile de France / Paris,,Coletiva
145,Cotidiano/Arte. O Consumo,19/11/1999,https://enciclopedia.itaucultural.org.br/evento80115/cotidiano-arte-o-consumo,19.11.1999 - 06.02.2000,Brasil / São Paulo / São Paulo , Itaú Cultural,Coletiva
146,Cotidiano/Arte. O Consumo. Beba Mona Lisa,24/02/2000,https://enciclopedia.itaucultural.org.br/evento454511/cotidiano-arte-o-consumo-beba-mona-lisa,24.02.2000 - 14.04.2000,Brasil / Distrito Federal / Brasília , Itaugaleria,Coletiva
147,Coletiva na Galeria de Arte São Paulo,09/03/2000,https://enciclopedia.itaucultural.org.br/evento558702/coletiva-na-galeria-de-arte-sao-paulo,09.03.2000 - 31.03.2000,Brasil / São Paulo / São Paulo , Galeria de Arte São Paulo,Coletiva
148,Brasil + 500 Mostra do Redescobrimento ,24/04/2000,https://enciclopedia.itaucultural.org.br/evento217210/brasil-500-mostra-do-redescobrimento,24.04.2000 - 07.09.2000,Brasil / São Paulo / São Paulo , Fundação Bienal de São Paulo,Mostra do Redescobrimento 
149,"12ª Mostra da Gravura de Curitiba. Marcas do Corpo, Dobras da Alma ",13/06/2000,https://enciclopedia.itaucultural.org.br/evento85139/12-mostra-da-gravura-de-curitiba-marcas-do-corpo-dobras-da-alma,13.06.2000 - 06.08.2000,Brasil / Paraná / Curitiba , Fundação Cultural de Curitiba,12ª Mostra de Gravura Cidade de Curitiba
150,O Papel da Arte,25/09/2000,https://enciclopedia.itaucultural.org.br/evento226029/o-papel-da-arte,25.09.2000 - 28.01.2001,Brasil / São Paulo / São Paulo , Galeria de Arte do Sesi,Coletiva
151,Brasil: Psicanálise e Modernismo,10/10/2000,https://enciclopedia.itaucultural.org.br/evento526666/brasil-psicanalise-e-modernismo,10.10.2000 - 17.12.2000,Brasil / São Paulo / São Paulo , Museu de Arte de São Paulo Assis Chateaubriand (Masp),Coletiva
152,A Figura Humana na Coleção Itaú,20/10/2000,https://enciclopedia.itaucultural.org.br/evento235022/a-figura-humana-na-colecao-itau,20.10.2000 - 19.11.2000,Brasil / São Paulo / São Paulo , Itaú Cultural,Coletiva
153,Século 20: arte do Brasil,10/2000,https://enciclopedia.itaucultural.org.br/evento237653/seculo-20-arte-do-brasil,10.2000 - 01.2001,Portugal / Distrito de Lisboa / Lisboa , Centro de Arte Moderna José de Azeredo Perdigão ,Exposição
154,Coleção Liba e Rubem Knijnik: arte brasileira contemporânea,18/04/2001,https://enciclopedia.itaucultural.org.br/evento335731/colecao-liba-e-rubem-knijnik-arte-brasileira-contemporanea,18.04.2001 - 03.06.2001,Brasil / Rio Grande do Sul / Porto Alegre,,Coletiva
155,O Espírito de Nossa Época,19/04/2001,https://enciclopedia.itaucultural.org.br/evento249655/o-espirito-de-nossa-epoca,19.04.2001 - 17.06.2001,Brasil / São Paulo / São Paulo , Museu de Arte Moderna de São Paulo (MAM/SP),Coletiva
156,Espelho Cego: seleções de uma coleção contemporânea,03/05/2001,https://enciclopedia.itaucultural.org.br/evento271912/espelho-cego-selecoes-de-uma-colecao-contemporanea,03.05.2001 - 10.06.2001,Brasil / Rio de Janeiro / Rio de Janeiro , Paço Imperial ,Coletiva
157,Trajetória da Luz na Arte Brasileira ,13/05/2001,https://enciclopedia.itaucultural.org.br/evento242301/trajetoria-da-luz-na-arte-brasileira,13.05.2001 - 09.09.2001,Brasil / São Paulo / São Paulo , Itaú Cultural,Exposição
158,Aquarela Brasileira ,22/05/2001,https://enciclopedia.itaucultural.org.br/evento262387/aquarela-brasileira,22.05.2001 - 22.07.2001,Brasil / Rio de Janeiro / Rio de Janeiro , Centro Cultural Light,Coletiva
159,O Espírito de Nossa Época,08/08/2001,https://enciclopedia.itaucultural.org.br/evento249656/o-espirito-de-nossa-epoca,08.08.2001 - 30.09.2001,Brasil / Rio de Janeiro / Rio de Janeiro , Museu de Arte Moderna do Rio de Janeiro (MAM/RJ),Coletiva
160,Espelho Cego: seleções de uma coleção contemporânea,10/08/2001,https://enciclopedia.itaucultural.org.br/evento256424/espelho-cego-selecoes-de-uma-colecao-contemporanea,10.08.2001 - 09.09.2001,Brasil / São Paulo / São Paulo , Museu de Arte Moderna de São Paulo (MAM/SP),Coletiva
161,The Thread Unraveled: contemporary brazilian art,13/10/2001,https://enciclopedia.itaucultural.org.br/evento270083/the-thread-unraveled-contemporary-brazilian-art,13.10.2001 - 03.02.2002,Estados Unidos / Nova York / Nova York , El Museo del Barrio,O Fio da Trama: arte contemporânea brasileira 
162,Ceará Redescobre o Brasil,09/03/2002,https://enciclopedia.itaucultural.org.br/evento380157/ceara-redescobre-o-brasil,09.03.2002 - 09.06.2002,Brasil / Ceará / Fortaleza , Centro Dragão do Mar de Arte e Cultura ,Coletiva
163,Paralela 2002,22/03/2002,https://enciclopedia.itaucultural.org.br/evento279406/paralela-2002,22.03.2002 - 28.04.2002,Brasil / São Paulo / São Paulo , Galpão Vila Olímpia,"
            Classificação
            
Exposição

"
164,The Thread Unraveled: contemporary brazilian art,19/04/2002,https://enciclopedia.itaucultural.org.br/evento282381/the-thread-unraveled-contemporary-brazilian-art,19.04.2002 - 21.06.2002,Argentina / Buenos Aires / Buenos Aires , Museo de Arte Latinoamericano de Buenos Aires (Malba),"
            Classificação
            
Exposição

"
165,"Diálogo, Antagonismo e Replicação na Coleção Sattamini ",11/05/2002,https://enciclopedia.itaucultural.org.br/evento331358/dialogo-antagonismo-e-replicacao-na-colecao-sattamini,11.05.2002 - 28.06.2002,Brasil / Rio de Janeiro / Niterói , Museu de Arte Contemporânea de Niterói,Coletiva
166,Caminhos do Contemporâneo: 1952/2002 ,10/07/2002,https://enciclopedia.itaucultural.org.br/evento331330/caminhos-do-contemporaneo-1952-2002,10.07.2002 - 06.10.2002,Brasil / Rio de Janeiro / Rio de Janeiro , Paço Imperial ,Coletiva
167,Nefelibatas,19/07/2002,https://enciclopedia.itaucultural.org.br/evento330492/nefelibatas,19.07.2002 - 24.10.2002,Brasil / São Paulo / São Paulo , Museu de Arte Moderna de São Paulo (MAM/SP),Coletiva
168,O Plano como Estrutura da Forma,26/07/2002,https://enciclopedia.itaucultural.org.br/evento332694/o-plano-como-estrutura-da-forma,26.07.2002 - 01.09.2002,Brasil / São Paulo / São Paulo ," Espaço MAM - Villa-Lobos (São Paulo, SP)",Coletiva
169,Mapa do Agora: arte brasileira recente na Coleção João Sattamini do Museu de Arte Contemporânea de Niterói,21/08/2002,https://enciclopedia.itaucultural.org.br/evento335836/mapa-do-agora-arte-brasileira-recente-na-colecao-joao-sattamini-do-museu-de-arte-contemporanea-de-niteroi,21.08.2002 - 03.11.2002,Brasil / São Paulo / São Paulo , Instituto Tomie Ohtake,Coletiva
170,28 (+) Pintura ,07/11/2002,https://enciclopedia.itaucultural.org.br/evento339871/28-pintura,07.11.2002 - 30.11.2002,Brasil / São Paulo / São Paulo , Galeria Virgílio ,Coletiva
171,Pintura dos Anos 80,08/11/2002,https://enciclopedia.itaucultural.org.br/evento80325/pintura-dos-anos-80,08.11.2002 - 25.01.2003,Brasil / Rio de Janeiro / Rio de Janeiro ," Sala MAM-Cittá América (Rio de Janeiro, RJ)",Coletiva
172,Fragmentos a seu Ímã: obras primas do MAB,21/12/2002,https://enciclopedia.itaucultural.org.br/evento351089/fragmentos-a-seu-ima-obras-primas-do-mab,21.12.2002 - 01.02.2003,Brasil / Distrito Federal / Brasília , Espaço Cultural Contemporâneo Venâncio,Coletiva
173,2080 ,23/01/2003,https://enciclopedia.itaucultural.org.br/evento341157/2080,23.01.2003 - 06.04.2003,Brasil / São Paulo / São Paulo , Museu de Arte Moderna de São Paulo (MAM/SP),Coletiva
174,A Arte Atrás da Arte: onde ficam e como viajam as obras de arte,21/03/2003,https://enciclopedia.itaucultural.org.br/evento356318/a-arte-atras-da-arte-onde-ficam-e-como-viajam-as-obras-de-arte,21.03.2003 - 17.05.2003,Brasil / São Paulo / São Paulo ," Espaço MAM - Villa-Lobos (São Paulo, SP)",Coletiva
175,MAC USP 40 Anos: interfaces contemporâneas,08/04/2003,https://enciclopedia.itaucultural.org.br/evento357044/mac-usp-40-anos-interfaces-contemporaneas,08.04.2003 - 08.06.2003,Brasil / São Paulo / São Paulo , Museu de Arte Contemporânea da Universidade de São Paulo (MAC/USP),Coletiva
176,A Moda e Leonilson ,29/04/2003,https://enciclopedia.itaucultural.org.br/evento364468/a-moda-e-leonilson,29.04.2003 - 30.05.2003,Brasil / São Paulo / São Paulo ," Galeria do Hotel Lycra (São Paulo, SP)",Individual
177,Meus Amigos ,22/05/2003,https://enciclopedia.itaucultural.org.br/evento359561/meus-amigos,22.05.2003 - 19.07.2003,Brasil / São Paulo / São Paulo ," Espaço MAM - Villa-Lobos (São Paulo, SP)",Coletiva
178,Leonilson na XVIII Bienal de São Paulo - 1985,15/06/2003,https://enciclopedia.itaucultural.org.br/evento362019/leonilson-na-xviii-bienal-de-sao-paulo-1985,15.06.2003 - 20.07.2003,Brasil / São Paulo / São Paulo , Pinacoteca do Estado de São Paulo (Pina_),Individual
179,Projeto em Preto e Branco,24/06/2003,https://enciclopedia.itaucultural.org.br/evento361518/projeto-em-preto-e-branco,24.06.2003 - 19.07.2003,Brasil / Rio de Janeiro / Rio de Janeiro , Silvia Cintra Galeria de Arte ,Coletiva
180,"Leonilson: fique firme, seja forte",03/07/2003,https://enciclopedia.itaucultural.org.br/evento364470/leonilson-fique-firme-seja-forte,03.07.2003 - 31.07.2003,Brasil / São Paulo / São Paulo , Galeria Luisa Strina,Exposição
181,Ordenação e Vertigem,02/08/2003,https://enciclopedia.itaucultural.org.br/evento364400/ordenacao-e-vertigem,02.08.2003 - 12.10.2003,Brasil / São Paulo / São Paulo , Centro Cultural Banco do Brasil (CCBB São Paulo),Coletiva
182,Arte em Movimento,12/08/2003,https://enciclopedia.itaucultural.org.br/evento365725/arte-em-movimento,12.08.2003 - 12.09.2003,Brasil / Rio de Janeiro / Rio de Janeiro,,Coletiva
183,28º Panorama de Arte  Brasileira,16/10/2003,https://enciclopedia.itaucultural.org.br/evento365170/28-panorama-de-arte-brasileira,16.10.2003 - 30.11.2003,Brasil / São Paulo / São Paulo , Museu de Arte Moderna de São Paulo (MAM/SP),"
            Classificação
            
Exposição

"
184,Imagética,25/10/2003,https://enciclopedia.itaucultural.org.br/evento535172/imagetica,25.10.2003 - 18.01.2004,Brasil / Paraná / Curitiba , Museu da Gravura Cidade de Curitiba,Exposição
185,Imagética ,25/10/2003,https://enciclopedia.itaucultural.org.br/evento535221/imagetica,25.10.2003 - 18.01.2004,Brasil / Paraná / Curitiba , Cinemateca de Curitiba,Exposição
186,Tomie Ohtake na Trama Espiritual da Arte Brasileira: exposição comemorativa dos 90 anos da artista,19/11/2003,https://enciclopedia.itaucultural.org.br/evento373451/tomie-ohtake-na-trama-espiritual-da-arte-brasileira-exposicao-comemorativa-dos-90-anos-da-artista,19.11.2003 - 11.01.2004,Brasil / São Paulo / São Paulo , Instituto Tomie Ohtake,Exposição
187,A Nova Geometria ,28/11/2003,https://enciclopedia.itaucultural.org.br/evento374585/a-nova-geometria,28.11.2003 - 17.01.2004,Brasil / São Paulo / São Paulo , Galeria Fortes Vilaça,Coletiva
188,Arteconhecimento: 70 anos USP ,18/12/2003,https://enciclopedia.itaucultural.org.br/evento376828/arteconhecimento-70-anos-usp,18.12.2003 - 30.04.2004,Brasil / São Paulo / São Paulo , Museu de Arte Contemporânea da Universidade de São Paulo (MAC/USP),Coletiva
189,Tomie Ohtake na Trama Espiritual da Arte Brasileira: exposição comemorativa dos 90 anos da artista,05/02/2004,https://enciclopedia.itaucultural.org.br/evento378612/tomie-ohtake-na-trama-espiritual-da-arte-brasileira-exposicao-comemorativa-dos-90-anos-da-artista,05.02.2004 - 28.03.2004,Brasil / Rio de Janeiro / Rio de Janeiro , Museu Nacional de Belas Artes (MNBA),Exposição
190,Tomie Ohtake na Trama Espiritual da Arte Brasileira: exposição comemorativa dos 90 anos da artista,28/04/2004,https://enciclopedia.itaucultural.org.br/evento527308/tomie-ohtake-na-trama-espiritual-da-arte-brasileira-exposicao-comemorativa-dos-90-anos-da-artista,28.04.2004 - 07.07.2004,Brasil / Paraná / Curitiba , Museu Oscar Niemeyer,Exposição
191,"Onde Está Você, Geração 80?",13/07/2004,https://enciclopedia.itaucultural.org.br/evento395900/onde-esta-voce-geracao-80,13.07.2004 - 26.09.2004,Brasil / Rio de Janeiro / Rio de Janeiro , Centro Cultural Banco do Brasil (CCBB Rio),Coletiva
192,28º Panorama de Arte Brasileira,16/12/2004,https://enciclopedia.itaucultural.org.br/evento380565/28-panorama-de-arte-brasileira,16.12.2004 - 15.02.2004,Brasil / Rio de Janeiro / Rio de Janeiro , Paço Imperial ,28º Panorama de Arte Atual Brasileira 
193,28º Panorama de Arte Brasileira,2004,https://enciclopedia.itaucultural.org.br/evento631645/28-panorama-de-arte-brasileira,2004,Brasil / Pernambuco / Recife , Museu de Arte Moderna Aloísio Magalhães,"
            Classificação
            
Exposição

"
194,Arte Brasileira: nas coleções públicas e privadas do Ceará,13/05/2005,https://enciclopedia.itaucultural.org.br/evento432115/arte-brasileira-nas-colecoes-publicas-e-privadas-do-ceara,13.05.2005 - 14.08.2005,Brasil / Ceará / Fortaleza , Fundação Edson Queiroz,Coletiva
195,"Dor, Forma,  Beleza: a representação criadora da experiência traumática ",24/07/2005,https://enciclopedia.itaucultural.org.br/evento424440/dor-forma-beleza-a-representacao-criadora-da-experiencia-traumatica,24.07.2005 - 04.09.2005,Brasil / São Paulo / São Paulo , Estação Pinacoteca ,Coletiva
196,Jogo da Memória,16/08/2005,https://enciclopedia.itaucultural.org.br/evento428058/jogo-da-memoria,16.08.2005 - 25.09.2005,Brasil / Rio de Janeiro / Rio de Janeiro,,Coletiva
197,Leonilson: desenhos,22/11/2005,https://enciclopedia.itaucultural.org.br/evento432033/leonilson-desenhos,22.11.2005 - 27.01.2006,Brasil / São Paulo / São Paulo , Galeria Luisa Strina,Individual
198,N_múltiplos,23/11/2005,https://enciclopedia.itaucultural.org.br/evento431997/n_multiplos,23.11.2005 - 28.01.2006,Brasil / Rio de Janeiro / Rio de Janeiro , Arte 21 Galeria,"
            Classificação
            
Exposição

"
199,"Onde Está Você, Geração 80?",2005,https://enciclopedia.itaucultural.org.br/evento642668/onde-esta-voce-geracao-80,2005,Brasil / Pernambuco / Recife , Museu do Estado de Pernambuco,Coletiva
200,Designu Desdobramentos,13/07/2006,https://enciclopedia.itaucultural.org.br/evento443075/designu-desdobramentos,13.07.2006 - 20.07.2006,Brasil / Ceará / Fortaleza , Museu de Arte Contemporânea do Ceará,Coletiva
201,"Sem Título, 2006. Comodato Eduardo Brandão e Jan Fjeld",27/07/2006,https://enciclopedia.itaucultural.org.br/evento650074/sem-titulo-2006-comodato-eduardo-brandao-e-jan-fjeld,27.07.2006 - 10.09.2006,Brasil / São Paulo / São Paulo , Museu de Arte Moderna de São Paulo (MAM/SP),Coletiva
202,MAM [na] OCA: Arte Brasileira do Acervo do Museu de Arte Moderna de São Paulo,03/10/2006,https://enciclopedia.itaucultural.org.br/evento447899/mam-na-oca-arte-brasileira-do-acervo-do-museu-de-arte-moderna-de-sao-paulo,03.10.2006 - 10.10.2006,Brasil / São Paulo / São Paulo , Oca,Exposição
203,Deserto,11/10/2006,https://enciclopedia.itaucultural.org.br/evento447842/deserto,11.10.2006 - 07.12.2006,Brasil / Santa Catarina / Florianópolis , Museu Victor Meirelles,Individual
204,Itaú Contemporâneo: arte no Brasil 1981-2006,21/03/2007,https://enciclopedia.itaucultural.org.br/evento460230/itau-contemporaneo-arte-no-brasil-1981-2006,21.03.2007 - 27.05.2007,Brasil / São Paulo / São Paulo , Itaú Cultural,Coletiva
205,"80/90: modernos, pós-modernos, etc ",25/05/2007,https://enciclopedia.itaucultural.org.br/evento566470/80-90-modernos-pos-modernos-etc,25.05.2007 - 17.07.2007,Brasil / São Paulo / São Paulo , Instituto Tomie Ohtake,Coletiva
206,Diário de Bordo: uma viagem com Leonilson ,20/09/2007,https://enciclopedia.itaucultural.org.br/evento479644/diario-de-bordo-uma-viagem-com-leonilson,20.09.2007 - 04.11.2007,Brasil / São Paulo / São Paulo , Caixa Cultural São Paulo,Individual
207,Acervo do Margs - Expressividade na Arte Brasileira,11/03/2008,https://enciclopedia.itaucultural.org.br/evento564470/acervo-do-margs-expressividade-na-arte-brasileira,11.03.2008 - 06.04.2008,Brasil / Rio Grande do Sul / Porto Alegre , Museu de Artes Visuais Ruth Schneider,Coletiva
208,Quando Vidas se Tornam Forma: diálogo com o futuro Brasil-Japão,11/04/2008,https://enciclopedia.itaucultural.org.br/evento492906/quando-vidas-se-tornam-forma-dialogo-com-o-futuro-brasil-japao,11.04.2008 - 22.06.2008,Brasil / São Paulo / São Paulo , Museu de Arte Moderna de São Paulo (MAM/SP),Exposição
209,Individual de Leonilson,20/06/2008,https://enciclopedia.itaucultural.org.br/evento501275/individual-de-leonilson,20.06.2008 - 24.08.2008,Brasil / São Paulo / São Paulo , Centro Universitário Maria Antonia,Individual
210,Todos Somos Um,04/09/2008,https://enciclopedia.itaucultural.org.br/evento512787/todos-somos-um,04.09.2008 - 12.10.2008,Brasil / Distrito Federal / Brasília,,Coletiva
211,MAM 60,16/10/2008,https://enciclopedia.itaucultural.org.br/evento513692/mam-60,16.10.2008 - 14.12.2008,Brasil / São Paulo / São Paulo , Oca,Coletiva
212,When Lives Become Form - Contemporary Brazilian Art: 1960s to the Present,22/10/2008,https://enciclopedia.itaucultural.org.br/evento649906/when-lives-become-form-contemporary-brazilian-art-1960s-to-the-present,22.10.2008 - 12.01.2009,Japão / Honshu / Tóquio , Museum of Contemporary Art Tokyo,Coletiva
213,Brasil Brasileiro,26/12/2008,https://enciclopedia.itaucultural.org.br/evento518933/brasil-brasileiro,26.12.2008 - 04.01.2009,Brasil / São Paulo / São Paulo , Centro Cultural Banco do Brasil (CCBB São Paulo),Coletiva
214,Atenção: estratégias para perceber a arte ,15/01/2009,https://enciclopedia.itaucultural.org.br/evento516522/atencao-estrategias-para-perceber-a-arte,15.01.2009 - 22.03.2009,Brasil / São Paulo / São Paulo , Museu de Arte Moderna de São Paulo (MAM/SP),Coletiva
215,Brasil Brasileiro,20/01/2009,https://enciclopedia.itaucultural.org.br/evento519213/brasil-brasileiro,20.01.2009 - 05.04.2009,Brasil / Rio de Janeiro / Rio de Janeiro , Centro Cultural Banco do Brasil (CCBB Rio),Coletiva
216,Memorial Revisitado: 20 anos,19/02/2009,https://enciclopedia.itaucultural.org.br/evento519743/memorial-revisitado-20-anos,19.02.2009 - 31.03.2009,Brasil / São Paulo / São Paulo , Galeria Marta Traba,Coletiva
217,Um Mundo Sem Molduras,26/03/2009,https://enciclopedia.itaucultural.org.br/evento522203/um-mundo-sem-molduras,26.03.2009 - 17.05.2009,Brasil / São Paulo / São Paulo , Museu de Arte Contemporânea da Universidade de São Paulo (MAC/USP),Coletiva
218,Viagem a Campos – O MAM-SP visita o Palácio Boa Vista,11/06/2009,https://enciclopedia.itaucultural.org.br/evento650261/viagem-a-campos-o-mam-sp-visita-o-palacio-boa-vista,11.06.2009 - 27.09.2009,Brasil / São Paulo / São Paulo , Palácio dos Bandeirantes,Coletiva
219,O Jovem Leonilson: desenhos 1974-1982,11/10/2009,https://enciclopedia.itaucultural.org.br/evento533458/o-jovem-leonilson-desenhos-1974-1982,11.10.2009 - 11.11.2009,Brasil / São Paulo / São Paulo , Galeria Luisa Strina,Exposição
220,When Lives Become Form - Contemporary Brazilian Art: 1960s to the Present,05/11/2009,https://enciclopedia.itaucultural.org.br/evento649907/when-lives-become-form-contemporary-brazilian-art-1960s-to-the-present,05.11.2009 - 31.01.2010,Estados Unidos / Califórnia / San Francisco ," Yerba Buena Center for the Arts (San Frnacisco, Estados Unidos)",Coletiva
221,Coletiva 09,16/12/2009,https://enciclopedia.itaucultural.org.br/evento567295/coletiva-09,16.12.2009 - 20.02.2010,Brasil / Rio de Janeiro / Rio de Janeiro , Galeria Mercedes Viegas Arte Contemporânea,Coletiva
222,Preto no Branco: do concreto ao contemporâneo,23/04/2010,https://enciclopedia.itaucultural.org.br/evento548070/preto-no-branco-do-concreto-ao-contemporaneo,23.04.2010 - 23.05.2010,Brasil / São Paulo / São Paulo , Galeria Arvani Arte,Coletiva
223,Recortes de uma Coleção,26/04/2010,https://enciclopedia.itaucultural.org.br/evento551422/recortes-de-uma-colecao,26.04.2010 - 22.05.2010,Brasil / São Paulo / São Paulo , Ricardo Camargo Galeria,Coletiva
224,A Céu Aberto,30/05/2010,https://enciclopedia.itaucultural.org.br/evento634406/a-ceu-aberto,30.05.2010 - 05.09.2010,Brasil / Rio de Janeiro / Rio de Janeiro , Casa França-Brasil,Coletiva
225,29ª Bienal Internacional de São Paulo,25/09/2010,https://enciclopedia.itaucultural.org.br/evento558985/29-bienal-internacional-de-sao-paulo,25.09.2010 - 12.12.2010,Brasil / São Paulo / São Paulo , Fundação Bienal de São Paulo,"
            Classificação
            
Exposição

"
226,29ª Bienal de São Paulo: obras selecionadas,19/01/2011,https://enciclopedia.itaucultural.org.br/evento570953/29-bienal-de-sao-paulo-obras-selecionadas,19.01.2011 - 20.03.2011,Brasil / Minas Gerais / Belo Horizonte,,Coletiva
227,Sob o Peso dos Meus Amores,17/03/2011,https://enciclopedia.itaucultural.org.br/evento572925/sob-o-peso-dos-meus-amores,17.03.2011 - 29.05.2011,Brasil / São Paulo / São Paulo , Itaú Cultural,Individual
228,"Sob o Peso dos Meus Amores (2011 : São Paulo, SP : Capela do Morumbi)",29/03/2011,https://enciclopedia.itaucultural.org.br/evento573553/sob-o-peso-dos-meus-amores-2011-sao-paulo-sp-capela-do-morumbi,29.03.2011 - 29.05.2011,Brasil / São Paulo / São Paulo,,Exposição
229,Sobrevitória,25/05/2011,https://enciclopedia.itaucultural.org.br/evento598879/sobrevitoria,25.05.2011 - 24.07.2011,Brasil / Espírito Santo / Vitória , Museu de Arte do Espírito Santo Dionísio Del Santo (MAES),Exposição
230,É Assim Mesmo!,19/06/2011,https://enciclopedia.itaucultural.org.br/evento588781/e-assim-mesmo,19.06.2011 - 07.08.2011,Brasil / Rio de Janeiro / Rio de Janeiro , Museu de Arte Moderna do Rio de Janeiro (MAM/RJ),Coletiva
231,Labirintos da Iconografia,29/06/2011,https://enciclopedia.itaucultural.org.br/evento599438/labirintos-da-iconografia,29.06.2011 - 14.08.2011,Brasil / Rio Grande do Sul / Porto Alegre , Museu de Arte do Rio Grande do Sul Ado Malagoli,Coletiva
232,"1911-2011 - Arte Brasileira e Depois, na Coleção Itaú ",04/07/2011,https://enciclopedia.itaucultural.org.br/evento585133/1911-2011-arte-brasileira-e-depois-na-colecao-itau,04.07.2011 - 25.09.2011,Brasil / Minas Gerais / Belo Horizonte , Fundação Clóvis Salgado. Palácio das Artes ,Coletiva
233,Recortes de uma coleção,26/09/2011,https://enciclopedia.itaucultural.org.br/evento603328/recortes-de-uma-colecao,26.09.2011 - 22.10.2011,Brasil / São Paulo / São Paulo,,Coletiva
234,"1911-2011 - Arte Brasileira e Depois, na Coleção Itaú",27/04/2012,https://enciclopedia.itaucultural.org.br/evento609207/1911-2011-arte-brasileira-e-depois-na-colecao-itau,27.04.2012 - 19.08.2012,Brasil / Paraná / Curitiba , Museu Oscar Niemeyer,Coletiva
235,Trajetórias - Arte Brasileira na Coleção Fundação Edson Queiroz - Unifor 40 Anos,21/03/2013,https://enciclopedia.itaucultural.org.br/evento632207/trajetorias-arte-brasileira-na-colecao-fundacao-edson-queiroz-unifor-40-anos,21.03.2013 - 08.12.2013,Brasil / Ceará / Fortaleza , Fundação Edson Queiroz,Coletiva
236,As Tramas do Tempo na Arte Contemporânea: estética ou  poética? ,13/04/2013,https://enciclopedia.itaucultural.org.br/evento634140/as-tramas-do-tempo-na-arte-contemporanea-estetica-ou-poetica,13.04.2013 - 31.12.2013,Brasil / São Paulo / Ribeirão Preto , Instituto Figueiredo Ferraz,Exposição
237,O Artista como Autor. O Artista Como Editor,15/06/2013,https://enciclopedia.itaucultural.org.br/evento632326/o-artista-como-autor-o-artista-como-editor,15.06.2013 - 03.05.2015,Brasil / São Paulo / São Paulo , Museu de Arte Contemporânea da Universidade de São Paulo (MAC/USP),Coletiva
238,30 X Bienal: Transformações na Arte Brasileira da 1ª à 30ª edição,21/09/2013,https://enciclopedia.itaucultural.org.br/evento640579/30-x-bienal-transformacoes-na-arte-brasileira-da-1-a-30-edicao,21.09.2013 - 08.12.2013,Brasil / São Paulo / São Paulo , Fundação Bienal de São Paulo,Exposição
239,140 caracteres ,29/01/2014,https://enciclopedia.itaucultural.org.br/evento641163/140-caracteres,29.01.2014 - 16.03.2014,Brasil / São Paulo / São Paulo , Museu de Arte Moderna de São Paulo (MAM/SP),Coletiva
240,Galeria Luisa Strina,15/03/2014,https://enciclopedia.itaucultural.org.br/evento648893/galeria-luisa-strina,15.03.2014 - 17.05.2014,Brasil / São Paulo / Ribeirão Preto , Instituto Figueiredo Ferraz,Coletiva
241,Unbound: Contemporary Art After Frida Kahlo,03/05/2014,https://enciclopedia.itaucultural.org.br/evento649685/unbound-contemporary-art-after-frida-kahlo,03.05.2014 - 05.10.2014,Estados Unidos / Illinois / Chicago , Museum of Contemporary Art Chicago,Coletiva
242,Diálogos com Palatnik,03/07/2014,https://enciclopedia.itaucultural.org.br/evento638444/dialogos-com-palatnik,03.07.2014 - 15.08.2014,Brasil / São Paulo / São Paulo , Museu de Arte Moderna de São Paulo (MAM/SP),Coletiva
243,"Edições e Múltiplos: do concretismo ao contemporâneo (2014 : São Paulo, SP)",29/11/2014,https://enciclopedia.itaucultural.org.br/evento636319/edicoes-e-multiplos-do-concretismo-ao-contemporaneo-2014-sao-paulo-sp,29.11.2014 - 20.01.2014,Brasil / São Paulo / São Paulo , Galeria Superfície ,Coletiva
244,Afetividades Eletivas,03/12/2014,https://enciclopedia.itaucultural.org.br/evento641152/afetividades-eletivas,03.12.2014 - 01.03.2015,Brasil / Minas Gerais / Belo Horizonte , Galeria de Arte do Centro Cultural Minas Tênis Clube,Coletiva
245,A Queda do Céu,10/04/2015,https://enciclopedia.itaucultural.org.br/evento636449/a-queda-do-ceu,10.04.2015 - 05.07.2015,Brasil / São Paulo / São Paulo , Paço das Artes,Coletiva
246,Geração 80: ousadia & afirmação,18/06/2015,https://enciclopedia.itaucultural.org.br/evento635933/geracao-80-ousadia-afirmacao,18.06.2015 - 01.08.2015,Brasil / Paraná / Curitiba , Simões de Assis Galeria de Arte,Coletiva
247,Atributos do Silêncio,31/08/2015,https://enciclopedia.itaucultural.org.br/evento558026/atributos-do-silencio,31.08.2015 - 26.09.2015,Brasil / São Paulo / São Paulo , Galeria Bergamin & Gomide,Coletiva
248,Múltiplos,16/12/2015,https://enciclopedia.itaucultural.org.br/evento645352/multiplos,16.12.2015 - 20.02.2016,Brasil / Santa Catarina / Florianópolis , Museu Victor Meirelles,Coletiva
249,Natureza Franciscana,07/02/2016,https://enciclopedia.itaucultural.org.br/evento639882/natureza-franciscana,07.02.2016 - 05.06.2016,Brasil / São Paulo / São Paulo , Museu de Arte Moderna de São Paulo (MAM/SP),Coletiva
250,Os Muitos e o Um: Arte Contemporânea Brasileira,04/09/2016,https://enciclopedia.itaucultural.org.br/evento432213/os-muitos-e-o-um-arte-contemporanea-brasileira,04.09.2016 - 23.10.2016,Brasil / São Paulo / São Paulo , Instituto Tomie Ohtake,Exposição
251,Limiar de Lugar Algum,20/04/2017,https://enciclopedia.itaucultural.org.br/evento647827/limiar-de-lugar-algum,20.04.2017 - 14.05.2017,Brasil / Distrito Federal / Brasília , Museu Nacional da República,Coletiva
252,Modos de Ver o Brasil: Itaú Cultural 30 Anos,25/05/2017,https://enciclopedia.itaucultural.org.br/evento642868/modos-de-ver-o-brasil-itau-cultural-30-anos,25.05.2017 - 13.08.2017,Brasil / São Paulo / São Paulo , Oca,Coletiva
253,do silêncio: vers Leonilson,11/08/2017,https://enciclopedia.itaucultural.org.br/evento649237/do-silencio-vers-leonilson,11.08.2017 - 29.10.2017,Brasil / São Paulo / São Paulo , Galeria de Arte Marilia Razuk ,Individual
254,Queermuseu: cartografias da diferença na arte brasileira,15/08/2017,https://enciclopedia.itaucultural.org.br/evento642709/queermuseu-cartografias-da-diferenca-na-arte-brasileira,15.08.2017 - 10.09.2017,Brasil / Rio Grande do Sul / Porto Alegre , Farol Santander Porto Alegre,Coletiva
255,Passado/Futuro/Presente: arte contemporânea brasileira no acervo do Museu de Arte Moderna de São Paulo,01/09/2017,https://enciclopedia.itaucultural.org.br/evento642876/passado-futuro-presente-arte-contemporanea-brasileira-no-acervo-do-museu-de-arte-moderna-de-sao-paulo,01.09.2017 - 31.12.2017,América do Norte / Estados Unidos / Arizona / Phoenix , Phoenix Art Museum,Exposição
256,Matriz do Tempo Real,13/01/2018,https://enciclopedia.itaucultural.org.br/evento650310/matriz-do-tempo-real,13.01.2018 - 18.03.2018,Brasil / São Paulo / São Paulo , Museu de Arte Contemporânea da Universidade de São Paulo (MAC/USP),Coletiva
257,Da Terra Brasilis à Aldeia Global,20/03/2018,https://enciclopedia.itaucultural.org.br/evento454501/da-terra-brasilis-a-aldeia-global,20.03.2018 - 24.03.2018,Brasil / Ceará / Fortaleza , Fundação Edson Queiroz,Coletiva
258,O mundo como Armazém,18/04/2018,https://enciclopedia.itaucultural.org.br/evento645809/o-mundo-como-armazem,18.04.2018 - 09.07.2018,Brasil / Santa Catarina / Florianópolis ," Centro Integrado de Cultura (Florianópolis, SC)",Exposição
259,16º Projeto Armazém no MASC o mundo como armazém,18/04/2018,https://enciclopedia.itaucultural.org.br/evento648181/16-projeto-armazem-no-masc-o-mundo-como-armazem,18.04.2018 - 03.06.2018,Brasil / Santa Catarina / Florianópolis , Museu de Arte de Santa Catarina (Masc),Coletiva
260,Queermuseu: cartografias da diferença na arte brasileira,18/08/2018,https://enciclopedia.itaucultural.org.br/evento647285/queermuseu-cartografias-da-diferenca-na-arte-brasileira,18.08.2018 - 16.09.2018,Brasil / Rio de Janeiro / Rio de Janeiro , Escola de Artes Visuais do Parque Lage (EAV Parque Lage),Coletiva
261,Passado/Futuro/Presente: Arte contemporânea brasileira no acervo do Museu de Arte Moderna de São Paulo,22/01/2019,https://enciclopedia.itaucultural.org.br/evento448244/passado-futuro-presente-arte-contemporanea-brasileira-no-acervo-do-museu-de-arte-moderna-de-sao-paulo,22.01.2019 - 28.07.2019,Brasil / São Paulo / São Paulo , Museu de Arte Moderna de São Paulo (MAM/SP),Exposição
262,Visions of Brazil: Reimagining Modernity from Tarsila to Sonia,30/04/2019,https://enciclopedia.itaucultural.org.br/evento650351/visions-of-brazil-reimagining-modernity-from-tarsila-to-sonia,30.04.2019 - 21.06.2019,Estados Unidos / Nova York / Nova York , Blum & Poe,Coletiva
263,A Queda do Céu,08/05/2019,https://enciclopedia.itaucultural.org.br/evento648926/a-queda-do-ceu,08.05.2019 - 30.06.2019,Brasil / Distrito Federal / Brasília , Caixa Cultural Brasília,Coletiva
264,À Nordeste,19/05/2019,https://enciclopedia.itaucultural.org.br/evento649665/a-nordeste,19.05.2019 - 25.08.2019,Brasil / São Paulo / São Paulo , SESC 24 de Maio,Coletiva
265,Transbordar: Transgressões do Bordado,26/11/2020,https://enciclopedia.itaucultural.org.br/evento648456/transbordar-transgressoes-do-bordado,26.11.2020 - 08.05.2021,Brasil / São Paulo / São Paulo , SESC Pinheiros,Coletiva
266,Língua Solta,31/07/2021,https://enciclopedia.itaucultural.org.br/evento648943/lingua-solta,31.07.2021 - 03.10.2021,Brasil / São Paulo / São Paulo , Museu da Língua Portuguesa,Coletiva
